info_type_id,movie_id,info,keyword,phonetic_code,production_year,title
3,2102948,Western,raining,R52,1967,Rango
3,4144145,Western,raining,R52,2013,Reins
3,4168273,Western,raining,R52,2010,"Rua MÃ£o Ãšnica"
3,4136888,Western,raining,R52,2015,"Re Inc."
3,4170528,Western,raining,R52,2011,Running
3,4155584,Western,raining,R52,2005,Ringo
3,4133593,Western,raining,R52,2012,Ramus
3,4134190,Western,raining,R52,2011,Rango
3,4411016,Western,raining,R52,2007,"The Ranch"
3,4417083,Western,raining,R52,1919,"The Run Aways"
3,3675139,Western,handcuffed-to-a-bed,H5321,1917,"Hands Up!"
3,3675112,Western,handcuffed-to-a-bed,H5321,1921,"Hands Off!"
3,3675104,Western,handcuffed-to-a-bed,H5321,1927,"Hands Off"
3,4143003,Western,reference-to-dagmar-havlova,R1652,1915,"Reforming the Outlaw"
3,4155995,Western,reference-to-dagmar-havlova,R1652,1928,"Rip Roaring Logan"
3,3786846,Western,jane-austen,J5235,1952,"Junction City"
3,3777725,Western,jane-austen,J5235,1913,"Jim's Atonement"
3,4444095,Western,woods,W32,1911,"The White Squaw"
3,4444097,Western,woods,W32,1920,"The White Squaw"
3,4444094,Western,woods,W32,1910,"The White Squaw"
3,4444093,Western,woods,W32,1908,"The White Squaw"
3,4444096,Western,woods,W32,1913,"The White Squaw"
3,4444098,Western,woods,W32,1956,"The White Squaw"
3,4444135,Western,woods,W32,2014,"The White Witch"
3,4557991,Western,woods,W32,1921,"White Oak"
3,3675468,Western,hanging,H5252,1952,"Hangman's Knot"
3,3675246,Western,hanging,H5252,2016,"Hang 'em High"
3,3694552,Western,hanging,H5252,1971,"Hey amigo 5 mezar"
3,3675244,Western,hanging,H5252,1968,"Hang 'Em High"
3,3675341,Western,hanging,H5252,1966,"Hanggang may buhay"
3,3706713,Western,hanging,H5252,2011,"Homens Com Cheiro de Flor"
3,3706303,Western,hanging,H5252,2011,Homecoming
3,3718402,Western,hanging,H5252,1916,"Humanizing Mr. Winsby"
3,3706334,Western,hanging,H5252,2016,Homecoming
3,4363919,Western,hanging,H5252,1969,"The Hanging of Jake Ellis"
3,4363922,Western,hanging,H5252,1959,"The Hanging Tree"
3,4468212,Western,taunton-trial-court,T5353,1953,"Tom Tom Tomcat"
3,4143003,Western,reference-to-a-dental-hygienist,R1652,1915,"Reforming the Outlaw"
3,4155995,Western,reference-to-a-dental-hygienist,R1652,1928,"Rip Roaring Logan"
3,4143003,Western,reference-to-whoopi-goldberg,R1652,1915,"Reforming the Outlaw"
3,4155995,Western,reference-to-whoopi-goldberg,R1652,1928,"Rip Roaring Logan"
3,4143003,Western,reference-to-the-byrds,R1652,1915,"Reforming the Outlaw"
3,4155995,Western,reference-to-the-byrds,R1652,1928,"Rip Roaring Logan"
3,3349658,Western,bicycle-accident,B2423,1910,"Big Elk's Turndown"
3,4143003,Western,reference-to-mad-max,R1652,1915,"Reforming the Outlaw"
3,4155995,Western,reference-to-mad-max,R1652,1928,"Rip Roaring Logan"
3,4143003,Western,reference-to-boris-yeltsin,R1652,1915,"Reforming the Outlaw"
3,4155995,Western,reference-to-boris-yeltsin,R1652,1928,"Rip Roaring Logan"
3,3691242,Western,hormone,H65,1924,"Her Man"
3,4258111,Western,studio-city-california,S3232,1940,"Stage to Chino"
3,4258132,Western,studio-city-california,S3232,1938,"Stagecoach Days"
3,4249162,Western,studio-city-california,S3232,NULL,"Southwest to Sonora"
3,4258114,Western,studio-city-california,S3232,1950,"Stage to Tucson"
3,4258148,Western,studio-city-california,S3232,2016,"Stagecoach: The Texas Jack Story"
3,4257820,Western,studio-city-california,S3232,1926,"Stacked Cards"
3,4143003,Western,reference-to-the-battle-of-trafalgar,R1652,1915,"Reforming the Outlaw"
3,4155995,Western,reference-to-the-battle-of-trafalgar,R1652,1928,"Rip Roaring Logan"
3,3280905,Western,extramarital-affair,E2365,1911,"An Easterner's Peril"
3,3280902,Western,extramarital-affair,E2365,1913,"An Eastern Cyclone at Bluff Ranch"
3,3280904,Western,extramarital-affair,E2365,1920,"An Eastern Westerner"
3,3584696,Western,extramarital-affair,E2365,1987,"Extreme Prejudice"
3,4346013,Western,extramarital-affair,E2365,1907,"The Easterner; or, A Tale of the West"
3,4346006,Western,extramarital-affair,E2365,1911,"The Eastern Cowboy"
3,3219569,Western,bulletproof-glass,B4316,2014,"A Ballad for Tex"
3,3220942,Western,bulletproof-glass,B4316,1963,"A Bullet for Billy the Kid"
3,3324321,Western,bulletproof-glass,B4316,1967,"Ballata per un pistolero"
3,3362648,Western,bulletproof-glass,B4316,1991,"Blood Bros."
3,3340132,Western,bulletproof-glass,B4316,1929,"Below the Border"
3,3340133,Western,bulletproof-glass,B4316,1942,"Below the Border"
3,3363861,Western,bulletproof-glass,B4316,2013,"Bloody Border"
3,3363226,Western,bulletproof-glass,B4316,2010,"Blood Price"
3,3386971,Western,bulletproof-glass,B4316,1964,"Bullet for a Badman"
3,3386992,Western,bulletproof-glass,B4316,1920,"Bullet Proof"
3,3387031,Western,bulletproof-glass,B4316,2012,Bulletproof
3,4324292,Western,bulletproof-glass,B4316,1948,"The Bold Frontiersman"
3,4323684,Western,bulletproof-glass,B4316,1911,"The Blotted Brand"
3,4317797,Western,bulletproof-glass,B4316,2008,"The Ballad of Frank Gilroy"
3,4294176,Western,talent-judge,T4532,1944,"Tall in the Saddle"
3,4101783,Western,prize,P62,1972,"Por Eso"
3,4113976,Western,prize,P62,2013,Prize
3,4407766,Western,prize,P62,2011,"The Price"
3,3746614,Western,intelligence-mole,I5342,1910,"In the Tall Grass Country"
3,3559279,Western,trying-to-escape,T6523,1976,"El trinquetero"
3,4435063,Western,trying-to-escape,T6523,1913,"The Transition"
3,4433150,Western,trying-to-escape,T6523,1936,"The Three Mesquiteers"
3,4455840,Western,trying-to-escape,T6523,1954,"Three Young Texans"
3,4488410,Western,trying-to-escape,T6523,2014,Turncoat
3,28093,Western,voyeur,V6,2015,"5 vor 12"
3,4535517,Western,voyeur,V6,1972,Vur
3,4504342,Western,under-arrest,U5362,1921,"Under Western Skies"
3,4503451,Western,under-arrest,U5362,NULL,"Under a Savage Sun"
3,4504341,Western,under-arrest,U5362,1913,"Under Western Skies"
3,4509634,Western,under-arrest,U5362,1964,"Unter Geiern"
3,4504484,Western,under-arrest,U5362,1942,"Undercover Man"
3,4503495,Western,under-arrest,U5362,1948,"Under California Stars"
3,4503502,Western,under-arrest,U5362,1947,"Under Colorado Skies"
3,4503766,Western,under-arrest,U5362,1937,"Under Strange Flags"
3,4511928,Western,under-arrest,U5362,NULL,"Untrue Grit"
3,4504483,Western,under-arrest,U5362,1936,"Undercover Man"
3,4504650,Western,under-arrest,U5362,1941,"Underground Rustlers"
3,4503484,Western,under-arrest,U5362,1916,"Under Azure Skies"
3,4504345,Western,under-arrest,U5362,1938,"Under Western Stars"
3,4503739,Western,under-arrest,U5362,1923,"Under Secret Orders"
3,4503785,Western,under-arrest,U5362,1923,"Under Suspicion"
3,4503524,Western,under-arrest,U5362,1912,"Under Convict's Stripes"
3,4503475,Western,under-arrest,U5362,1946,"Under Arizona Skies"
3,4503474,Western,under-arrest,U5362,1914,"Under Arizona Skies"
3,4504485,Western,under-arrest,U5362,1934,"Undercover Men"
3,4503742,Western,under-arrest,U5362,1920,"Under Sentence"
3,4504340,Western,under-arrest,U5362,1910,"Under Western Skies"
3,4504343,Western,under-arrest,U5362,1926,"Under Western Skies"
3,4504344,Western,under-arrest,U5362,1945,"Under Western Skies"
3,2743772,Western,princess-costume,P6523,2010,"The Promised Land"
3,4116329,Western,princess-costume,P6523,1997,"Promise the Moon"
3,4409138,Western,princess-costume,P6523,2009,"The Promised Land"
3,4407383,Western,princess-costume,P6523,1922,"The Prairie Mystery"
3,4143003,Western,reference-to-jan-sibik,R1652,1915,"Reforming the Outlaw"
3,4155995,Western,reference-to-jan-sibik,R1652,1928,"Rip Roaring Logan"
3,4512176,Western,undead,U53,2012,Unwound
3,4247233,Western,switchblade,S3214,1944,"Sota, caballo y rey"
3,362591,Western,bacon,B25,1958,Buckskin
3,3385199,Western,bacon,B25,1968,Buckskin
3,4321465,Western,bacon,B25,1926,"The Big Game"
3,3908638,Western,lock-out,L23,1940,"Lucky Cisco Kid"
3,4385076,Western,lock-out,L23,1914,"The Lucky Shot"
3,4376772,Western,lock-out,L23,1975,"The Last Day"
3,3609846,Western,fall-downstairs,F4352,2017,"Floating Horses: The Life of Casey Tibbs"
3,4446293,Western,wedding-anniversary,W3525,2002,"The Wooden Gun"
3,4443988,Western,wedding-anniversary,W3525,1922,"The White Messenger"
3,4557891,Western,wedding-anniversary,W3525,1910,"White Man's Money, the Indian Curse"
3,4550475,Western,wedding-anniversary,W3525,1911,"What a Woman Can Do"
3,4444376,Western,watching-someone-die,W3252,2009,"The Widow's Might"
3,4536257,Western,watching-someone-die,W3252,1971,"W Django!"
3,3218185,Western,blouse,B42,2002,"800 balas"
3,3360300,Western,blouse,B42,1922,"Blaze Away"
3,3356081,Western,blouse,B42,1937,"Black Aces"
3,3387210,Western,blouse,B42,1987,Bullseye
3,3357637,Western,blouse,B42,1927,"Black Jack"
3,3357642,Western,blouse,B42,1968,"Black Jack"
3,3364976,Western,blouse,B42,2007,"Blue Eyes"
3,4322644,Western,blouse,B42,1921,"The Black Ace"
3,4322645,Western,blouse,B42,1928,"The Black Ace"
3,4143003,Western,reference-to-henry-kissinger,R1652,1915,"Reforming the Outlaw"
3,4155995,Western,reference-to-henry-kissinger,R1652,1928,"Rip Roaring Logan"
3,4143003,Western,reference-to-julius-satinsky,R1652,1915,"Reforming the Outlaw"
3,4155995,Western,reference-to-julius-satinsky,R1652,1928,"Rip Roaring Logan"
3,4462007,Western,thunder,T536,2010,Tinder
3,410600,Western,cooking,C252,1957,"Casey Jones"
3,3430005,Western,cooking,C252,1967,Cjamango
3,4174416,Western,spanish-crisis,S1526,2015,"Sabine Crossing"
3,4204095,Western,spanish-crisis,S1526,1955,"Seven Angry Men"
3,4418266,Western,spanish-crisis,S1526,1914,"The Saving Grace"
3,4425765,Western,spanish-crisis,S1526,1909,"The Spanish Girl"
3,4438647,Western,united-nations,U5353,1920,"The Untamed"
3,4438650,Western,united-nations,U5353,1948,"The Untamed Breed"
3,4438648,Western,united-nations,U5353,1928,"The Untamed"
3,4509534,Western,united-nations,U5353,1954,"Untamed Heiress"
3,4509530,Western,united-nations,U5353,1952,"Untamed Frontier"
3,4509528,Western,united-nations,U5353,1993,"Untamed Cowgirls of the Wild West Part 1: The Pillowbiters"
3,4509511,Western,united-nations,U5353,1918,Untamed
3,3260236,Western,anatomy-chart,A5352,2013,"Ain't No Sunshine"
3,3293777,Western,anatomy-chart,A5352,1917,"Anything Once"
3,3285526,Western,anatomy-chart,A5352,1971,"Anda muchacho, spara!"
3,2132175,Western,reporter,R1636,2009,"Reporters Uncensored (RUTV)"
3,4535085,Western,visiting-mother's-grave,V2352,1972,"Vsadnik bez golovy"
3,4516739,Western,visiting-mother's-grave,V2352,1971,"Vahsetin esirleri"
3,4524008,Western,visiting-mother's-grave,V2352,1917,"Vestens BÃ¸rn"
3,4143003,Western,reference-to-wayne-rooney,R1652,1915,"Reforming the Outlaw"
3,4155995,Western,reference-to-wayne-rooney,R1652,1928,"Rip Roaring Logan"
3,451532,Western,china,C5,1955,Cheyenne
3,3398816,Western,china,C5,1978,Cananea
3,3418261,Western,china,C5,1984,Cheyenne
3,3418262,Western,china,C5,1996,Cheyenne
3,3418260,Western,china,C5,1947,Cheyenne
3,3552468,Western,china,C5,2016,"El Camino"
3,3532287,Western,dorm,D65,2013,Drain
3,3811117,Western,kids,K32,1974,"Kit & Co."
3,3804136,Western,kids,K32,1974,"Khhotte Sikkay"
3,3223039,Western,controversy,C5361,1920,"A Counter Plot"
3,3450418,Western,controversy,C5361,2010,Counterfeat
3,4336173,Western,controversy,C5361,1919,"The Counterfeit Trail"
3,4143003,Western,reference-to-archangel-michael,R1652,1915,"Reforming the Outlaw"
3,4155995,Western,reference-to-archangel-michael,R1652,1928,"Rip Roaring Logan"
3,2386058,Western,stabbed-in-the-knee,S3135,1955,"Steve Donovan, Western Marshal"
3,4248843,Western,stabbed-in-the-knee,S3135,1927,"South of the Northern Lights"
3,1119750,Western,counter-terrorism-unit,C5363,1972,"The Century Turns"
3,3441219,Western,counter-terrorism-unit,C5363,2016,"Common Threads"
3,3446185,Western,counter-terrorism-unit,C5363,2010,Contrition
3,3450588,Western,counter-terrorism-unit,C5363,1976,"Country Doc"
3,3552771,Western,counter-terrorism-unit,C5363,1962,"El centauro del norte"
3,3328704,Western,berlin-germany,B6452,1962,"Barilan sa baboy-kural"
3,4143003,Western,reference-to-cuba-gooding-jr,R1652,1915,"Reforming the Outlaw"
3,4155995,Western,reference-to-cuba-gooding-jr,R1652,1928,"Rip Roaring Logan"
3,3924622,Western,mental-disorder,M5343,1971,"Man in the Wilderness"
3,4390968,Western,mental-disorder,M5343,1909,"The Mended Lute"
3,3575143,Western,expectant-father,E2123,2007,"Espagueti western"
3,3544606,Western,expectant-father,E2123,1961,"Eca Babagot"
3,3422132,Western,cocaine,C25,1970,Chisum
3,3418943,Western,cocaine,C25,1980,Chicano
3,3223039,Western,comedy-troupe,C5361,1920,"A Counter Plot"
3,3450418,Western,comedy-troupe,C5361,2010,Counterfeat
3,4336173,Western,comedy-troupe,C5361,1919,"The Counterfeit Trail"
3,2610091,Western,englishman-abroad,E5242,2008,"The Englishman's Boy"
3,3744730,Western,insecurity,I5263,2010,"In Security"
3,3750618,Western,insecurity,I5263,1909,Ingratitude
3,3748275,Western,insecurity,I5263,1977,"Incredible Rocky Mountain Race"
3,4369997,Western,insecurity,I5263,2011,"The Incredible Journey of Barnaby Brickwild: A Man Destined to Marry a Woman Destined to Marry Another Man"
3,4431585,Western,telegraph,T4261,1933,"The Telegraph Trail"
3,4426848,Western,strike,S362,1998,"The Staircase"
3,4444026,Western,water-tower,W3636,1920,"The White Rider"
3,4567359,Western,water-tower,W3636,1926,"Without Orders"
3,4543357,Western,water-tower,W3636,1920,"Water, Water, Everywhere"
3,4231111,Western,school-counsellor,S2425,2014,Skulligan
3,139705,Western,american-secret-service,A5625,2012,"American Idol: Transformers Edition"
3,2527524,Western,american-secret-service,A5625,2016,"The American West"
3,3280476,Western,american-secret-service,A5625,1991,"An American Tail: Fievel Goes West"
3,3277399,Western,american-secret-service,A5625,2001,"American Outlaws"
3,3277234,Western,american-secret-service,A5625,2012,"American Lawless"
3,3276605,Western,american-secret-service,A5625,2014,"American Bullfighter: The Story of Leon Coffee"
3,3276647,Western,american-secret-service,A5625,2012,"American Citizen"
3,3276486,Western,american-secret-service,A5625,2010,"American Bandits: Frank and Jesse James"
3,3277145,Western,american-secret-service,A5625,2016,"American Huaso"
3,3277121,Western,american-secret-service,A5625,NULL,"American Homestead"
3,3277868,Western,american-secret-service,A5625,2018,Americana
3,3276936,Western,american-secret-service,A5625,2018,"American Fishtrap"
3,3277342,Western,american-secret-service,A5625,2013,"American Mustang"
3,3276856,Western,american-secret-service,A5625,1942,"American Empire"
3,3276703,Western,american-secret-service,A5625,1950,"American Cowboy"
3,4313761,Western,american-secret-service,A5625,1955,"The Americano"
3,4313516,Western,american-secret-service,A5625,1927,"The American"
3,4313750,Western,american-secret-service,A5625,1971,"The American West of John Ford"
3,3970221,Western,moonwalk-dancing,M5423,1935,"Moonlight on the Prairie"
3,3970222,Western,moonwalk-dancing,M5423,1937,"Moonlight on the Range"
3,3970178,Western,moonwalk-dancing,M5423,1944,"Moonlight and Cactus"
3,4393716,Western,moonwalk-dancing,M5423,1953,"The Moonlighter"
3,4393708,Western,moonwalk-dancing,M5423,2017,"The Moonlight Gambler"
3,4184014,Western,shower-with-clothes-on,S6324,2017,"Saratoga Lights"
3,4318029,Western,bound-and-gagged,B5353,1915,"The Bandit and the Baby"
3,4325128,Western,bound-and-gagged,B5353,2016,"The Bounty Hunter and the Butcher"
3,4325121,Western,bound-and-gagged,B5353,1954,"The Bounty Hunter"
3,4325126,Western,bound-and-gagged,B5353,2017,"The Bounty Hunter"
3,3981620,Western,murder-investigation,M6365,1940,"Murder on the Yukon"
3,3981502,Western,murder-investigation,M6365,2006,"Murder in the West"
3,4139584,Western,russian-agent,R2525,1910,"Reconnaissance d'Indien"
3,4160045,Western,russian-agent,R2525,1998,"Rocco e i magnifici 7"
3,451532,Western,caiman,C5,1955,Cheyenne
3,3398816,Western,caiman,C5,1978,Cananea
3,3418261,Western,caiman,C5,1984,Cheyenne
3,3418262,Western,caiman,C5,1996,Cheyenne
3,3418260,Western,caiman,C5,1947,Cheyenne
3,3552468,Western,caiman,C5,2016,"El Camino"
3,3321546,Western,bedtime-conversation,B3525,1958,"Badman's Country"
3,3320929,Western,bedtime-conversation,B3525,1929,"Bad Men's Money"
3,3320899,Western,bedtime-conversation,B3525,1914,"Bad Man Mason"
3,4555209,Western,woman-wearing-a-wig,W5652,1914,"When We Were Young"
3,4554386,Western,woman-wearing-a-wig,W5652,1913,"When Roaring Gulch Got Suffrage"
3,4421680,Western,swiss-bank-account,S2152,1928,"The Sheik of Mojave"
3,4422266,Western,swiss-bank-account,S2152,1926,"The Show Cowpuncher"
3,4418534,Western,swiss-bank-account,S2152,1969,"The Scavengers"
3,3260162,Western,animal-cage,A542,2011,Aimless
3,4314169,Western,animal-cage,A542,1970,"The Animals"
3,3557488,Western,president,P6235,1966,"El precio de un hombre"
3,4081005,Western,president,P6235,1965,"PerchÃ© uccidi ancora"
3,3282407,Western,unexpected-visit,U5212,1915,"An Unexpected Romance"
3,3282395,Western,unexpected-visit,U5212,1928,"An Unexpected Hero"
3,4438644,Western,unexpected-visit,U5212,1923,"The Unsuspecting Stranger"
3,4437906,Western,unexpected-visit,U5212,1919,"The Unexpected Shot"
3,4506411,Western,unexpected-visit,U5212,1947,"Unexpected Guest"
3,3451799,Western,co-pilot,C143,1934,"Cowboy Holiday"
3,4053780,Western,organizer,O6252,2010,"Orson's Perish"
3,3974732,Western,mountain-retreat,M5356,1939,"Mountain Rhythm"
3,3974734,Western,mountain-retreat,M5356,1949,"Mountain Rhythm"
3,4394369,Western,mountain-retreat,M5356,1914,"The Mountain Rat"
3,4393597,Western,mountain-retreat,M5356,1910,"The Montana Ranchman"
3,4388303,Western,mountain-retreat,M5356,1927,"The Man Tamer"
3,3393909,Western,cookery,C26,2002,CacerÃ­a
3,3436292,Western,cookery,C26,NULL,Coker
3,3552398,Western,cookery,C26,1966,"El cachorro"
3,4330618,Western,cookery,C26,2015,"The Chagra"
3,3868760,Western,leaving-message-on-answering-machine,L1525,2005,"Leave 'em Hangin'"
3,3903023,Western,leaving-message-on-answering-machine,L1525,2010,"Love & Vengeance"
3,2501923,Western,travel,T614,2010,"Terra ribelle"
3,3242685,Western,travel,T614,1910,"A True Pal"
3,4435889,Western,travel,T614,NULL,"The Trouble"
3,4484054,Western,travel,T614,1918,"True Blue"
3,4432143,Western,travel,T614,1924,"The Terror of Pueblo"
3,4435626,Western,travel,T614,1912,"The Tribal Law"
3,4143003,Western,reference-to-marta-kubisova,R1652,1915,"Reforming the Outlaw"
3,4155995,Western,reference-to-marta-kubisova,R1652,1928,"Rip Roaring Logan"
3,3557688,Western,pigsty,P23,2009,"El puesto"
3,4073010,Western,pigsty,P23,1951,"Passage West"
3,4104075,Western,pigsty,P23,1954,"Posse Cat"
3,4403475,Western,pigsty,P23,1935,"The Pecos Kid"
3,661284,Western,day-age-theory,D236,1964,Destry
3,3500859,Western,day-age-theory,D236,1954,Destry
3,4339559,Western,day-age-theory,D236,NULL,"The Daughter"
3,3452002,Western,chase,C2,1927,"Cows Is Cows"
3,3449725,Western,chase,C2,1972,"CosÃ¬ sia"
3,3425661,Western,chase,C2,1967,Chuka
3,3553007,Western,chase,C2,1966,"El Cisco"
3,4335566,Western,chase,C2,1911,"The Cook"
3,4183425,Western,speaking-korean,S1252,1942,"Saps in Chaps"
3,4253237,Western,speaking-korean,S1252,1911,"Spike Shannon's Last Fight"
3,4426126,Western,speaking-korean,S1252,1974,"The Spikes Gang"
3,4186669,Western,sobbing-female,S1521,2010,"Saving Hubble"
3,4204448,Western,sobbing-female,S1521,1960,"Seven Ways from Sundown"
3,4421670,Western,sobbing-female,S1521,1912,"The Sheepman's Escape"
3,3555908,Western,loss-of-friend,L2165,1989,"El loco Bronco"
3,3908475,Western,loss-of-friend,L2165,1910,"Luck of Roaring Camp"
3,4384993,Western,loss-of-friend,L2165,1937,"The Luck of Roaring Camp"
3,4384991,Western,loss-of-friend,L2165,1911,"The Luck of Roaring Camp"
3,4384992,Western,loss-of-friend,L2165,1917,"The Luck of Roaring Camp"
3,3216474,Western,gaming,G52,2010,"6 Guns"
3,3204690,Western,gaming,G52,2010,"11 Guns"
3,3667179,Western,gaming,G52,1919,"Gun Magic"
3,3667207,Western,gaming,G52,1922,"Gun Shy"
3,4363249,Western,gaming,G52,1963,"The Gun Hawk"
3,4357013,Western,gaming,G52,1949,"The Gay Amigo"
3,3435401,Western,code-of-honor,C3156,1930,"Code of Honor"
3,4143003,Western,reference-to-alfred-radok,R1652,1915,"Reforming the Outlaw"
3,4155995,Western,reference-to-alfred-radok,R1652,1928,"Rip Roaring Logan"
3,4143003,Western,reference-to-andy-warhol,R1652,1915,"Reforming the Outlaw"
3,4155995,Western,reference-to-andy-warhol,R1652,1928,"Rip Roaring Logan"
3,4073449,Western,possum,P25,1954,Passion
3,4121949,Western,possum,P25,2009,"Push On"
3,3699789,Western,hispanic-woman,H2152,1912,"His Punishment"
3,3635597,Western,gay-minister,G5236,1944,"Gangsters of the Frontier"
3,3635569,Western,gay-minister,G5236,1945,"Gangster's Den"
3,3667219,Western,gay-minister,G5236,1961,"Gun Street"
3,3653142,Western,gay-minister,G5236,1917,"Goin' Straight"
3,3667700,Western,gay-minister,G5236,1957,"Gunsight Ridge"
3,4363344,Western,gay-minister,G5236,2011,"The Gunstringer"
3,4096410,Western,planet-earth,P4536,1959,"Plunderers of Painted Flats"
3,4406230,Western,planet-earth,P4536,1915,"The Plunderer"
3,4406233,Western,planet-earth,P4536,1960,"The Plunderers"
3,4406227,Western,planet-earth,P4536,1927,"The Plumed Rider"
3,4406232,Western,planet-earth,P4536,1948,"The Plunderers"
3,4406231,Western,planet-earth,P4536,1924,"The Plunderer"
3,3451051,Western,crucifix-pendant,C6212,1913,"Courage of Sorts"
3,3451050,Western,crucifix-pendant,C6212,1911,"Courage of Sorts"
3,4336312,Western,crucifix-pendant,C6212,1927,"The Courage of Collins"
3,4337535,Western,crucifix-pendant,C6212,1915,"The Crucifixion of Al Brady"
3,4337273,Western,crucifix-pendant,C6212,1925,"The Crook Buster"
3,4365863,Western,headquarters,H3263,2013,"The Hideous Heart"
3,3933322,Western,murder-suspect,M6362,1915,"Martyrs of the Alamo"
3,3970563,Western,murder-suspect,M6362,2018,"Morada, the Dark Dream of Tobin and the Bloody Espinosas"
3,4389245,Western,murder-suspect,M6362,1912,"The Marauders"
3,4389247,Western,murder-suspect,M6362,1955,"The Marauders"
3,4389246,Western,murder-suspect,M6362,1947,"The Marauders"
3,3526363,Western,dinner-by-candlelight,D5612,1978,"Donner Pass: The Road to Survival"
3,4143003,Western,reference-to-johny-machette,R1652,1915,"Reforming the Outlaw"
3,4155995,Western,reference-to-johny-machette,R1652,1928,"Rip Roaring Logan"
3,2743772,Western,pouring-a-drink-over-someone,P6523,2010,"The Promised Land"
3,4116329,Western,pouring-a-drink-over-someone,P6523,1997,"Promise the Moon"
3,4409138,Western,pouring-a-drink-over-someone,P6523,2009,"The Promised Land"
3,4407383,Western,pouring-a-drink-over-someone,P6523,1922,"The Prairie Mystery"
3,4143003,Western,reference-to-james-cameron,R1652,1915,"Reforming the Outlaw"
3,4155995,Western,reference-to-james-cameron,R1652,1928,"Rip Roaring Logan"
3,4565196,Western,wine,W5,1910,Winona
3,4568882,Western,wine,W5,2008,Women
3,4440139,Western,valium,V45,1979,"The Villain"
3,4211650,Western,sex-on-a-table,S2531,1979,"She Came to the Valley"
3,4418579,Western,sex-on-a-table,S2531,2017,"The Scent of Rain & Lightning"
3,4143003,Western,reference-to-jennifer-lawrence,R1652,1915,"Reforming the Outlaw"
3,4155995,Western,reference-to-jennifer-lawrence,R1652,1928,"Rip Roaring Logan"
3,4535085,Western,visiting-friend,V2352,1972,"Vsadnik bez golovy"
3,4516739,Western,visiting-friend,V2352,1971,"Vahsetin esirleri"
3,4524008,Western,visiting-friend,V2352,1917,"Vestens BÃ¸rn"
3,4249715,Western,spouse-abuse,S1212,2015,"Space Cowboys II"
3,4249714,Western,spouse-abuse,S1212,2014,"Space Cowboys"
3,4246360,Western,spouse-abuse,S1212,1915,"Sophie's Fighting Spirit"
3,4429240,Western,spouse-abuse,S1212,1912,"The Sub-Chief's Choice"
3,3482235,Western,dead-woman-in-a-car-trunk,D3526,1994,"Dead Man's Revenge"
3,1727652,Western,minute-men,M535,2016,"Mountain Men"
3,3925028,Western,minute-men,M535,1911,"Man to Man"
3,3969321,Western,minute-men,M535,1950,Montana
3,3969352,Western,minute-men,M535,1930,"Montana Moon"
3,3925032,Western,minute-men,M535,1922,"Man to Man"
3,3969332,Western,minute-men,M535,1911,"Montana Anna"
3,3969322,Western,minute-men,M535,1990,Montana
3,3925030,Western,minute-men,M535,1915,"Man to Man"
3,4388906,Western,minute-men,M535,1916,"The Man Within"
3,4394363,Western,minute-men,M535,1980,"The Mountain Men"
3,4388819,Western,minute-men,M535,2010,"The Man with No Name"
3,4388905,Western,minute-men,M535,1914,"The Man Within"
3,2374177,Western,shooting-a-surveillance-camera,S3526,1972,"Stadt ohne Sheriff"
3,4184758,Western,shooting-a-surveillance-camera,S3526,1949,"Satan's Cradle"
3,4217596,Western,shooting-a-surveillance-camera,S3526,1995,"Shooting Creek"
3,4246183,Western,shooting-a-surveillance-camera,S3526,1922,"Soothing Syrup"
3,4265421,Western,shooting-a-surveillance-camera,S3526,2009,"Stingray Sam"
3,4217537,Western,shooting-a-surveillance-camera,S3526,1924,"Shootin' Square"
3,3219569,Western,blood-brothers,B4316,2014,"A Ballad for Tex"
3,3220942,Western,blood-brothers,B4316,1963,"A Bullet for Billy the Kid"
3,3324321,Western,blood-brothers,B4316,1967,"Ballata per un pistolero"
3,3362648,Western,blood-brothers,B4316,1991,"Blood Bros."
3,3340132,Western,blood-brothers,B4316,1929,"Below the Border"
3,3340133,Western,blood-brothers,B4316,1942,"Below the Border"
3,3363861,Western,blood-brothers,B4316,2013,"Bloody Border"
3,3363226,Western,blood-brothers,B4316,2010,"Blood Price"
3,3386971,Western,blood-brothers,B4316,1964,"Bullet for a Badman"
3,3386992,Western,blood-brothers,B4316,1920,"Bullet Proof"
3,3387031,Western,blood-brothers,B4316,2012,Bulletproof
3,4324292,Western,blood-brothers,B4316,1948,"The Bold Frontiersman"
3,4323684,Western,blood-brothers,B4316,1911,"The Blotted Brand"
3,4317797,Western,blood-brothers,B4316,2008,"The Ballad of Frank Gilroy"
3,4081022,Western,purse-snatcher,P6253,1911,"Percy and His Squaw"
3,4121187,Western,purse-snatcher,P6253,1992,"Pure Country"
3,4402541,Western,purse-snatcher,P6253,1957,"The Parson and the Outlaw"
3,4402538,Western,purse-snatcher,P6253,1911,"The Parson and the Bully"
3,4402539,Western,purse-snatcher,P6253,1912,"The Parson and the Medicine Man"
3,3436961,Western,cleaning-crew,C4526,2012,"Cole Younger & The Black Train"
3,3436962,Western,cleaning-crew,C4526,1958,"Cole Younger, Gunfighter"
3,3385162,Western,boa-constrictor,B2523,2008,"Bucking the Tiger"
3,3385163,Western,boa-constrictor,B2523,1926,"Bucking the Truth"
3,4194335,Western,surgeon-general,S6252,2014,"Searching for Colors"
3,4222118,Western,surgeon-general,S6252,1914,"Sierra Jim's Reformation"
3,3805402,Western,kidnapped-daughter,K3513,1914,"Kidnapped by Redskins"
3,3805367,Western,kidnapped-daughter,K3513,1929,Kidnapped
3,3805399,Western,kidnapped-daughter,K3513,1914,"Kidnapped by Indians"
3,4143003,Western,reference-to-hiroshima,R1652,1915,"Reforming the Outlaw"
3,4155995,Western,reference-to-hiroshima,R1652,1928,"Rip Roaring Logan"
3,3738160,Western,songwriter,S5263,1968,"Il suo nome gridava vendetta"
3,4197644,Western,songwriter,S5263,1925,"Seeing Red"
3,4197643,Western,songwriter,S5263,1922,"Seeing Red"
3,4245782,Western,songwriter,S5263,1969,"Sono Sartana, il vostro becchino"
3,4143003,Western,reference-to-michal-david,R1652,1915,"Reforming the Outlaw"
3,4155995,Western,reference-to-michal-david,R1652,1928,"Rip Roaring Logan"
3,4143003,Western,reference-to-martin-mejzlik,R1652,1915,"Reforming the Outlaw"
3,4155995,Western,reference-to-martin-mejzlik,R1652,1928,"Rip Roaring Logan"
3,3732129,Western,iaido,I3,1925,Idaho
3,3732131,Western,iaido,I3,1943,Idaho
3,4024898,Western,norwegian-woman,N625,2012,"Nowhere Arizona"
3,3780317,Western,jumping-off-a-pier,J5152,2008,"Joheunnom nabbeunnom isanghannom"
3,4143003,Western,reference-to-david-vavra,R1652,1915,"Reforming the Outlaw"
3,4155995,Western,reference-to-david-vavra,R1652,1928,"Rip Roaring Logan"
3,3298545,Western,arrow,A6,2012,Aria
3,2393135,Western,southern-accent,S3652,2014,"Strange Empire"
3,3240514,Western,southern-accent,S3652,1969,"A Stranger in Town"
3,3240577,Western,southern-accent,S3652,1912,"A String of Beads"
3,3240467,Western,southern-accent,S3652,1927,"A Strange Inheritance"
3,3239926,Western,southern-accent,S3652,1948,"A Southern Yankee"
3,3240509,Western,southern-accent,S3652,1913,"A Stranger in the Rockies"
3,3240510,Western,southern-accent,S3652,1912,"A Stranger in the West"
3,3240580,Western,southern-accent,S3652,2015,"A String of Copper Pearls"
3,4268518,Western,southern-accent,S3652,1956,"Stranger at My Door"
3,4268594,Western,southern-accent,S3652,1967,"Stranger on the Run"
3,4271405,Western,southern-accent,S3652,1914,Strongheart
3,4208244,Western,southern-accent,S3652,1926,"Shadow Ranger"
3,4208243,Western,southern-accent,S3652,1930,"Shadow Ranch"
3,4269579,Western,southern-accent,S3652,2015,"STREAMS in the DESERT Discovering God's Call"
3,4267210,Western,southern-accent,S3652,2016,"Storms of Sons"
3,4268768,Western,southern-accent,S3652,1969,"Strangers at Sunrise"
3,4268303,Western,southern-accent,S3652,1955,"Strange Lady in Town"
3,4268540,Western,southern-accent,S3652,1945,"Stranger from Santa Fe"
3,4271289,Western,southern-accent,S3652,2013,"Strong Arm of the Law"
3,4268591,Western,southern-accent,S3652,1988,"Stranger on My Land"
3,4268266,Western,southern-accent,S3652,1948,"Strange Gamble"
3,4260919,Western,southern-accent,S3652,1917,"Starring in Western Stuff"
3,4271342,Western,southern-accent,S3652,2012,"Strong to the End"
3,4270856,Western,southern-accent,S3652,2012,Strings
3,4284911,Western,southern-accent,S3652,2015,"Sweet Dreams Norma Jean"
3,4271277,Western,southern-accent,S3652,2012,Strong
3,4268590,Western,southern-accent,S3652,1955,"Stranger on Horseback"
3,4268509,Western,southern-accent,S3652,NULL,Stranger
3,4428642,Western,southern-accent,S3652,1921,"The Stranger in Canyon Valley"
3,4428661,Western,southern-accent,S3652,1953,"The Stranger Wore a Gun"
3,4428624,Western,southern-accent,S3652,1912,"The Stranger at Coyote"
3,4428520,Western,southern-accent,S3652,1914,"The Strange Signal"
3,4428637,Western,southern-accent,S3652,1943,"The Stranger from Pecos"
3,4429006,Western,southern-accent,S3652,1913,"The Stronger Call"
3,4428984,Western,southern-accent,S3652,2016,"The Strong Force"
3,4427846,Western,southern-accent,S3652,1925,"The Storm King"
3,4428651,Western,southern-accent,S3652,1922,"The Stranger of the Hills"
3,4428446,Western,southern-accent,S3652,2009,"The Strange Case of 'Dr.' Victor Von Dictor"
3,4428666,Western,southern-accent,S3652,1913,"The Stranger's Trail"
3,4428473,Western,southern-accent,S3652,1915,"The Strange Case of Princess Khan"
3,4428626,Western,southern-accent,S3652,1913,"The Stranger at the Mountain Ranch"
3,4428996,Western,southern-accent,S3652,1913,"The Stronger"
3,4428549,Western,southern-accent,S3652,1920,"The Stranger"
3,4428519,Western,southern-accent,S3652,1925,"The Strange Rider"
3,4428638,Western,southern-accent,S3652,1947,"The Stranger from Ponca City"
3,4428636,Western,southern-accent,S3652,1938,"The Stranger from Arizona"
3,4428639,Western,southern-accent,S3652,1939,"The Stranger from Texas"
3,4428550,Western,southern-accent,S3652,1921,"The Stranger"
3,4429010,Western,southern-accent,S3652,1911,"The Stronger Man"
3,4428548,Western,southern-accent,S3652,1920,"The Stranger"
3,4428641,Western,southern-accent,S3652,1911,"The Stranger in Camp"
3,4428559,Western,southern-accent,S3652,1999,"The Stranger"
3,4179209,Western,snakes,S52,1969,"Sam Whiskey"
3,4236150,Western,snakes,S52,1966,Smoky
3,4235802,Western,snakes,S52,2013,Smoke
3,4236148,Western,snakes,S52,1933,Smoky
3,4424447,Western,snakes,S52,NULL,"The Snake Key"
3,4424433,Western,snakes,S52,1913,"The Snake"
3,468786,Western,series,S62,1967,"The Search"
3,4222140,Western,series,S62,1941,"Sierra Sue"
3,4423417,Western,series,S62,2016,"The Sirius"
3,4143003,Western,reference-to-jiri-sequens,R1652,1915,"Reforming the Outlaw"
3,4155995,Western,reference-to-jiri-sequens,R1652,1928,"Rip Roaring Logan"
3,695562,Western,character-appears-on-tv,C6236,1981,"The Cherokee Trail"
3,3417681,Western,character-appears-on-tv,C6236,1940,"Cherokee Strip"
3,3456003,Western,character-appears-on-tv,C6236,1916,"Crooked Trails"
3,3413667,Western,character-appears-on-tv,C6236,2011,"Character Tales: Sheriff Wild Bill Hitchcock"
3,3455990,Western,character-appears-on-tv,C6236,1950,"Crooked River"
3,3457373,Western,character-appears-on-tv,C6236,1930,"Crusaders of the West"
3,3456320,Western,character-appears-on-tv,C6236,1917,"Crossed Trails"
3,3456321,Western,character-appears-on-tv,C6236,1924,"Crossed Trails"
3,3456004,Western,character-appears-on-tv,C6236,1930,"Crooked Trails"
3,3456322,Western,character-appears-on-tv,C6236,1948,"Crossed Trails"
3,4331384,Western,character-appears-on-tv,C6236,1925,"The Cherokee Strip"
3,4337588,Western,character-appears-on-tv,C6236,1922,"The Crusader"
3,4337309,Western,character-appears-on-tv,C6236,1910,"The Crooked Trail"
3,4331385,Western,character-appears-on-tv,C6236,1937,"The Cherokee Strip"
3,4337310,Western,character-appears-on-tv,C6236,1936,"The Crooked Trail"
3,3091705,Western,whispering-into-someone's-ear,W2165,1961,"Whispering Smith"
3,4443791,Western,whispering-into-someone's-ear,W2165,1944,"The Whispering Skull"
3,4557094,Western,whispering-into-someone's-ear,W2165,1926,"Whispering Smith"
3,4557090,Western,whispering-into-someone's-ear,W2165,1927,"Whispering Sage"
3,4557095,Western,whispering-into-someone's-ear,W2165,1948,"Whispering Smith"
3,4557098,Western,whispering-into-someone's-ear,W2165,1935,"Whispering Smith Speaks"
3,4557097,Western,whispering-into-someone's-ear,W2165,1927,"Whispering Smith Rides"
3,4557093,Western,whispering-into-someone's-ear,W2165,1916,"Whispering Smith"
3,3471408,Western,drag-queen,D625,2012,"Dark Canyon"
3,3532382,Western,drag-queen,D625,2014,Drakken
3,3532645,Western,drag-queen,D625,NULL,"Draw Your Gun"
3,3281808,Western,interracial-adoption,I5362,1915,"An Intercepted Vengeance"
3,3749417,Western,interracial-adoption,I5362,2008,"Indoor Western"
3,3755625,Western,interracial-adoption,I5362,2016,Interstates
3,4371364,Western,interracial-adoption,I5362,1912,"The Intrusion at Lompoc"
3,3675139,Western,handcuffed-woman,H5321,1917,"Hands Up!"
3,3675112,Western,handcuffed-woman,H5321,1921,"Hands Off!"
3,3675104,Western,handcuffed-woman,H5321,1927,"Hands Off"
3,4143003,Western,reference-to-carolus-linnaeus,R1652,1915,"Reforming the Outlaw"
3,4155995,Western,reference-to-carolus-linnaeus,R1652,1928,"Rip Roaring Logan"
3,3663792,Western,growing-a-moustache,G6525,1927,"Grinning Guns"
3,3663780,Western,growing-a-moustache,G6525,1972,"Gringo, o Matador ErÃ³tico"
3,4143003,Western,reference-to-eva-pilarova,R1652,1915,"Reforming the Outlaw"
3,4155995,Western,reference-to-eva-pilarova,R1652,1928,"Rip Roaring Logan"
3,4143003,Western,reference-to-esther-williams,R1652,1915,"Reforming the Outlaw"
3,4155995,Western,reference-to-esther-williams,R1652,1928,"Rip Roaring Logan"
3,4211472,Western,1910s,S,2016,Shay
3,3554571,Western,fugitive,F231,1966,"El fugitivo"
3,4355742,Western,fugitive,F231,1912,"The Fugitive"
3,4355741,Western,fugitive,F231,1912,"The Fugitive"
3,4355749,Western,fugitive,F231,1933,"The Fugitive"
3,4355748,Western,fugitive,F231,1925,"The Fugitive"
3,4355743,Western,fugitive,F231,1913,"The Fugitive"
3,4376508,Western,list-of-names,L2315,2013,"The Last Bounty"
3,4376509,Western,list-of-names,L2315,1994,"The Last Bounty Hunter"
3,4376434,Western,list-of-names,L2315,1949,"The Last Bandit"
3,4249943,Western,safe-cracking,S1262,1985,"Space Rage"
3,4419170,Western,safe-cracking,S1262,1947,"The Sea of Grass"
3,3225675,Western,fade-to-black,F3142,2016,"A Faithful Companion"
3,4349900,Western,fade-to-black,F3142,1913,"The Faithful Servitor"
3,4437782,Western,underdog-loses,U5363,2017,"The Undertaker's Son"
3,4437783,Western,underdog-loses,U5363,1915,"The Undertaker's Uncle"
3,4508462,Western,underdog-loses,U5363,NULL,"Unnamed Road"
3,4504295,Western,underdog-loses,U5363,2011,"Under the Western Sun"
3,4503692,Western,underdog-loses,U5363,1922,"Under Orders"
3,4503459,Western,underdog-loses,U5363,1930,"Under a Texas Moon"
3,4503796,Western,underdog-loses,U5363,1940,"Under Texas Skies"
3,4503844,Western,underdog-loses,U5363,2017,"Under the Big Sky"
3,4503551,Western,underdog-loses,U5363,1926,"Under Desert Skies"
3,4503349,Western,underdog-loses,U5363,NULL,"Undead Redemption"
3,4503863,Western,underdog-loses,U5363,1923,"Under the Border"
3,4503911,Western,underdog-loses,U5363,1930,"Under the Cock-Eyed Moon"
3,4504264,Western,underdog-loses,U5363,1933,"Under the Tonto Rim"
3,4504938,Western,underdog-loses,U5363,2011,Underwritten
3,4504265,Western,underdog-loses,U5363,1947,"Under the Tonto Rim"
3,4503795,Western,underdog-loses,U5363,1930,"Under Texas Skies"
3,4504263,Western,underdog-loses,U5363,1928,"Under the Tonto Rim"
3,4504092,Western,underdog-loses,U5363,1935,"Under the Pampas Moon"
3,4143003,Western,reference-to-santa-claus,R1652,1915,"Reforming the Outlaw"
3,4155995,Western,reference-to-santa-claus,R1652,1928,"Rip Roaring Logan"
3,3226292,Western,face-sitting,F2352,1909,"A Fighting Chance"
3,3226313,Western,face-sitting,F2352,1928,"A Fighting Tenderfoot"
3,3205435,Western,face-sitting,F2352,1960,"13 Fighting Men"
3,3593156,Western,face-sitting,F2352,1999,"Fast ein Western"
3,3600516,Western,face-sitting,F2352,1926,"Fightin' Jack"
3,3600577,Western,face-sitting,F2352,1919,"Fighting Cressy"
3,3600802,Western,face-sitting,F2352,1933,"Fighting with Kit Carson"
3,3600786,Western,face-sitting,F2352,1934,"Fighting to Live"
3,3600552,Western,face-sitting,F2352,1941,"Fighting Bill Fargo"
3,3600736,Western,face-sitting,F2352,1935,"Fighting Shadows"
3,3600692,Western,face-sitting,F2352,1953,"Fighting Lawman"
3,3600536,Western,face-sitting,F2352,1922,"Fighting Back"
3,3600688,Western,face-sitting,F2352,1923,"Fighting Jim Grant"
3,3600781,Western,face-sitting,F2352,1934,"Fighting Through"
3,3600663,Western,face-sitting,F2352,1943,"Fighting Frontier"
3,3600724,Western,face-sitting,F2352,1920,"Fighting Pals"
3,3600634,Western,face-sitting,F2352,1924,"Fighting for Justice"
3,3600535,Western,face-sitting,F2352,1917,"Fighting Back"
3,3600711,Western,face-sitting,F2352,1948,"Fighting Mustang"
3,3600550,Western,face-sitting,F2352,1921,"Fighting Bill"
3,3600699,Western,face-sitting,F2352,1917,"Fighting Mad"
3,3600697,Western,face-sitting,F2352,1925,"Fighting Luck"
3,3600673,Western,face-sitting,F2352,1922,"Fighting Hearts"
3,3600755,Western,face-sitting,F2352,1933,"Fighting Texans"
3,3600775,Western,face-sitting,F2352,1919,"Fighting the Vigilantes"
3,3600582,Western,face-sitting,F2352,1928,"Fighting Destiny"
3,3600557,Western,face-sitting,F2352,1921,"Fighting Blood"
3,3600689,Western,face-sitting,F2352,1916,"Fighting Joe"
3,3600801,Western,face-sitting,F2352,1926,"Fighting with Buffalo Bill"
3,3600555,Western,face-sitting,F2352,1911,"Fighting Blood"
3,3600575,Western,face-sitting,F2352,1925,"Fighting Courage"
3,3600630,Western,face-sitting,F2352,1919,"Fighting for Gold"
3,3600576,Western,face-sitting,F2352,1930,"Fighting Cowboy"
3,3600726,Western,face-sitting,F2352,1935,"Fighting Pioneers"
3,3600676,Western,face-sitting,F2352,1934,"Fighting Hero"
3,3600635,Western,face-sitting,F2352,1932,"Fighting for Justice"
3,3600664,Western,face-sitting,F2352,1924,"Fighting Fury"
3,3600563,Western,face-sitting,F2352,1935,"Fighting Caballero"
3,3600794,Western,face-sitting,F2352,1943,"Fighting Valley"
3,3600565,Western,face-sitting,F2352,1931,"Fighting Caravans"
3,3600782,Western,face-sitting,F2352,1930,"Fighting Thru; or, California in 1878"
3,3600551,Western,face-sitting,F2352,1945,"Fighting Bill Carson"
3,3600704,Western,face-sitting,F2352,1949,"Fighting Man of the Plains"
3,4351823,Western,face-sitting,F2352,1922,"The Fighting Kid"
3,4351884,Western,face-sitting,F2352,1922,"The Fighting Streak"
3,4351872,Western,face-sitting,F2352,1931,"The Fighting Sheriff"
3,4351847,Western,face-sitting,F2352,1933,"The Fighting Parson"
3,4351855,Western,face-sitting,F2352,1926,"The Fighting Ranger"
3,4351859,Western,face-sitting,F2352,1939,"The Fighting Renegade"
3,4351889,Western,face-sitting,F2352,1927,"The Fighting Texan"
3,4351893,Western,face-sitting,F2352,1934,"The Fighting Trooper"
3,4351781,Western,face-sitting,F2352,1937,"The Fighting Deputy"
3,4351759,Western,face-sitting,F2352,1943,"The Fighting Buckaroo"
3,4351796,Western,face-sitting,F2352,1932,"The Fighting Fool"
3,4351866,Western,face-sitting,F2352,1925,"The Fighting Schoolmarm"
3,4351888,Western,face-sitting,F2352,1929,"The Fighting Terror"
3,4351777,Western,face-sitting,F2352,1933,"The Fighting Cowboy"
3,4351854,Western,face-sitting,F2352,1925,"The Fighting Ranger"
3,4351870,Western,face-sitting,F2352,1919,"The Fighting Sheriff"
3,4351871,Western,face-sitting,F2352,1925,"The Fighting Sheriff"
3,4351788,Western,face-sitting,F2352,1926,"The Fighting Edge"
3,4351829,Western,face-sitting,F2352,1919,"The Fighting Line"
3,4351834,Western,face-sitting,F2352,1931,"The Fighting Marshal"
3,4351807,Western,face-sitting,F2352,1918,"The Fighting Grin"
3,4351824,Western,face-sitting,F2352,1928,"The Fighting Kid"
3,4351761,Western,face-sitting,F2352,1912,"The Fighting Chance"
3,4351757,Western,face-sitting,F2352,1919,"The Fighting Brothers"
3,4351809,Western,face-sitting,F2352,1939,"The Fighting Gringo"
3,4351756,Western,face-sitting,F2352,1921,"The Fighting Breed"
3,4351880,Western,face-sitting,F2352,1923,"The Fighting Strain"
3,4351846,Western,face-sitting,F2352,1930,"The Fighting Parson"
3,4351857,Western,face-sitting,F2352,1948,"The Fighting Ranger"
3,4351742,Western,face-sitting,F2352,1927,"The Fightin' Comeback"
3,4351806,Western,face-sitting,F2352,1926,"The Fighting Gob"
3,4351874,Western,face-sitting,F2352,1925,"The Fighting Smile"
3,4351766,Western,face-sitting,F2352,1926,"The Fighting Cheat"
3,4351856,Western,face-sitting,F2352,1934,"The Fighting Ranger"
3,4351891,Western,face-sitting,F2352,1927,"The Fighting Three"
3,4351878,Western,face-sitting,F2352,1927,"The Fighting Stallion"
3,4351760,Western,face-sitting,F2352,1932,"The Fighting Champ"
3,4351883,Western,face-sitting,F2352,1921,"The Fighting Stranger"
3,4351815,Western,face-sitting,F2352,1927,"The Fighting Hombre"
3,4351848,Western,face-sitting,F2352,1926,"The Fighting Peacemaker"
3,4351755,Western,face-sitting,F2352,1926,"The Fighting Boob"
3,4351800,Western,face-sitting,F2352,1946,"The Fighting Frontiersman"
3,4351853,Western,face-sitting,F2352,1922,"The Fighting Ranger"
3,4351862,Western,face-sitting,F2352,1925,"The Fighting Romeo"
3,4351812,Western,face-sitting,F2352,1919,"The Fighting Heart"
3,4351843,Western,face-sitting,F2352,1910,"The Fighting Parson"
3,4351808,Western,face-sitting,F2352,1917,"The Fighting Gringo"
3,4351890,Western,face-sitting,F2352,1937,"The Fighting Texan"
3,4351820,Western,face-sitting,F2352,1949,"The Fighting Kentuckian"
3,4351865,Western,face-sitting,F2352,1924,"The Fighting Sap"
3,4351827,Western,face-sitting,F2352,1930,"The Fighting Legion"
3,4351892,Western,face-sitting,F2352,1917,"The Fighting Trail"
3,4351790,Western,face-sitting,F2352,1926,"The Fighting Failure"
3,4351869,Western,face-sitting,F2352,1920,"The Fighting Shepherdess"
3,4351881,Western,face-sitting,F2352,1926,"The Fighting Strain"
3,4351774,Western,face-sitting,F2352,1933,"The Fighting Code"
3,4351879,Western,face-sitting,F2352,1950,"The Fighting Stallion"
3,4351894,Western,face-sitting,F2352,1947,"The Fighting Vigilantes"
3,4351887,Western,face-sitting,F2352,1925,"The Fighting Terror"
3,4351741,Western,face-sitting,F2352,1921,"The Fightin' Actor"
3,4351858,Western,face-sitting,F2352,1949,"The Fighting Redhead"
3,1119750,Western,counter-terrorist,C5363,1972,"The Century Turns"
3,3441219,Western,counter-terrorist,C5363,2016,"Common Threads"
3,3446185,Western,counter-terrorist,C5363,2010,Contrition
3,3450588,Western,counter-terrorist,C5363,1976,"Country Doc"
3,3552771,Western,counter-terrorist,C5363,1962,"El centauro del norte"
3,1119750,Western,counter-terrorism,C5363,1972,"The Century Turns"
3,3441219,Western,counter-terrorism,C5363,2016,"Common Threads"
3,3446185,Western,counter-terrorism,C5363,2010,Contrition
3,3450588,Western,counter-terrorism,C5363,1976,"Country Doc"
3,3552771,Western,counter-terrorism,C5363,1962,"El centauro del norte"
3,4211472,Western,1970s,S,2016,Shay
3,3309490,Western,attacked-from-behind,A3231,1910,"Attacked by Arapahoes: or, The Gold Seekers and the Indians"
3,4095049,Western,playing-ping-pong,P4521,1929,"Playing False"
3,4096162,Western,playing-ping-pong,P4521,1970,"Plomo sobre Dallas"
3,3699620,Western,heisman-trophy,H2536,1911,"His Mother's Scarf"
3,3551971,Western,assumed-dead,A253,1972,"El ausente"
3,3390125,Western,basketball,B2314,2005,"Bustful of Dollars"
3,4319266,Western,basketball,B2314,1956,"The Beast of Hollow Mountain"
3,4555831,Western,wrist-cut,W6232,1923,"Where Is This West?"
3,2789023,Western,tango,T52,1952,"The Tim McCoy Show"
3,4469451,Western,tango,T52,1958,Tonka
3,4436881,Western,tango,T52,1911,"The Twin Squaws"
3,4491756,Western,tango,T52,1920,"Two Moons"
3,4468347,Western,tango,T52,1951,Tomahawk
3,4187882,Western,ski-instructor,S2523,1972,"Scansati... a TrinitÃ  arriva Eldorado"
3,4282460,Western,ski-instructor,S2523,2009,"Suske en Wiske: De Texas rakkers"
3,4229075,Western,ski-instructor,S2523,1930,"Six-Gun Justice"
3,4228885,Western,ski-instructor,S2523,1935,"Six Gun Justice"
3,4426703,Western,ski-instructor,S2523,1908,"The Squawman's Daughter"
3,4426690,Western,ski-instructor,S2523,1912,"The Squaw Man's Sweetheart"
3,4426695,Western,ski-instructor,S2523,1911,"The Squaw's Mistaken Love"
3,4143003,Western,reference-to-zuzana-norisova,R1652,1915,"Reforming the Outlaw"
3,4155995,Western,reference-to-zuzana-norisova,R1652,1928,"Rip Roaring Logan"
3,4441506,Western,walking-away-from-someone,W4252,1949,"The Walking Hills"
3,4538812,Western,walking-away-from-someone,W4252,2006,"Walking Ghost"
3,4340131,Western,dead-mother,D3536,1948,"The Dead Don't Dream"
3,3395026,Western,collapse,C412,1943,Calaboose
3,4363771,Western,haunted-by-the-past,H5313,1910,"The Hand of Fate"
3,4363770,Western,haunted-by-the-past,H5313,1908,"The Hand of Fate"
3,3396722,Western,convention,C5153,2014,Cambiamenti
3,3427837,Western,convention,C5153,2008,"Cinevento 2007: In Memory of Francesco De Masi"
3,3441728,Western,convention,C5153,1910,"Company D to the Rescue"
3,3438941,Western,convention,C5153,2009,"Combine Demolition Derby Movie"
3,3893231,Western,convention,C5153,1970,"Lo chiamavano TrinitÃ ..."
3,3893230,Western,convention,C5153,1973,"Lo chiamavano Tresette... giocava sempre col morto"
3,3220857,Western,brother-shoots-brother,B6362,2012,"A Brother's Debt"
3,3371798,Western,brother-shoots-brother,B6362,NULL,"Border Hawk"
3,3383367,Western,brother-shoots-brother,B6362,1996,"Brothers of the Frontier"
3,3383371,Western,brother-shoots-brother,B6362,1937,"Brothers of the West"
3,3371804,Western,brother-shoots-brother,B6362,1925,"Border Justice"
3,3383175,Western,brother-shoots-brother,B6362,2011,"Brothers 'til the End"
3,3383178,Western,brother-shoots-brother,B6362,1911,Brothers
3,3383357,Western,brother-shoots-brother,B6362,NULL,"Brothers James: Retribution"
3,3371852,Western,brother-shoots-brother,B6362,1990,"Border Shootout"
3,3371779,Western,brother-shoots-brother,B6362,1936,"Border Caballero"
3,3371850,Western,brother-shoots-brother,B6362,1952,"Border Saddlemates"
3,3371805,Western,brother-shoots-brother,B6362,1951,"Border Justice"
3,3383352,Western,brother-shoots-brother,B6362,1949,"Brothers in the Saddle"
3,3371797,Western,brother-shoots-brother,B6362,1934,"Border Guns"
3,3371780,Western,brother-shoots-brother,B6362,1937,"Border Cafe"
3,3371794,Western,brother-shoots-brother,B6362,1938,"Border G-Man"
3,3383308,Western,brother-shoots-brother,B6362,2005,"Brothers in Arms"
3,3371782,Western,brother-shoots-brother,B6362,1953,"Border City Rustlers"
3,4327225,Western,brother-shoots-brother,B6362,1973,"The Brothers O'Toole"
3,4327155,Western,brother-shoots-brother,B6362,1910,"The Brother, Sister and the Cowpuncher"
3,4324867,Western,brother-shoots-brother,B6362,1926,"The Border Sheriff"
3,4324843,Western,brother-shoots-brother,B6362,1927,"The Border Cavalier"
3,4324868,Western,brother-shoots-brother,B6362,1916,"The Border Strife"
3,4327207,Western,brother-shoots-brother,B6362,2019,"The Brothers Bull"
3,3227567,Western,girl-in-danger,G6453,2013,"A Girl and a Gun"
3,3227577,Western,girl-in-danger,G6453,2015,"A Girl and Her Gun"
3,4358124,Western,girl-in-danger,G6453,1910,"The Girl and the Bandit"
3,4358177,Western,girl-in-danger,G6453,1911,"The Girl and the Sheriff"
3,4358130,Western,girl-in-danger,G6453,1912,"The Girl and the Cowboy"
3,4358125,Western,girl-in-danger,G6453,1913,"The Girl and the Bandit"
3,4358178,Western,girl-in-danger,G6453,1912,"The Girl and the Sheriff"
3,4358140,Western,girl-in-danger,G6453,1910,"The Girl and the Fugitive"
3,4358172,Western,girl-in-danger,G6453,1908,"The Girl and the Outlaw"
3,4358471,Western,girl-in-danger,G6453,1921,"The Girl in the Saddle"
3,4358153,Western,girl-in-danger,G6453,1913,"The Girl and the Greaser"
3,4358165,Western,girl-in-danger,G6453,1920,"The Girl and the Law"
3,4358470,Western,girl-in-danger,G6453,1920,"The Girl in the Saddle"
3,4358166,Western,girl-in-danger,G6453,1915,"The Girl and the Mail Bag"
3,4358126,Western,girl-in-danger,G6453,1911,"The Girl and the Broncho Buster"
3,4358142,Western,girl-in-danger,G6453,1939,"The Girl and the Gambler"
3,4358173,Western,girl-in-danger,G6453,1913,"The Girl and the Outlaw"
3,4358626,Western,girl-in-danger,G6453,1910,"The Girl on Triple X"
3,4358154,Western,girl-in-danger,G6453,1912,"The Girl and the Gun"
3,4444519,Western,wealthy-family,W4315,1969,"The Wild Bunch"
3,4444520,Western,wealthy-family,W4315,NULL,"The Wild Bunch"
3,4143003,Western,reference-to-benny-hill,R1652,1915,"Reforming the Outlaw"
3,4155995,Western,reference-to-benny-hill,R1652,1928,"Rip Roaring Logan"
3,4110726,Western,port-of-long-beach-california,P6314,1913,"Pride of Lonesome"
3,4117315,Western,port-of-long-beach-california,P6314,2008,"Proud Flesh"
3,3589478,Western,false-alarm,F4246,1943,"False Colors"
3,3502772,Western,double-standard,D1423,1950,"Devil's Doorway"
3,3528503,Western,double-standard,D1423,1925,"Double Action Daniels"
3,3898910,Western,double-standard,D1423,1959,"Los diablos del terror"
3,4342262,Western,double-standard,D1423,1922,"The Devil's Ghost"
3,4342407,Western,double-standard,D1423,2014,"The Devil's Toll"
3,4342418,Western,double-standard,D1423,1942,"The Devil's Trail"
3,4342382,Western,double-standard,D1423,1927,"The Devil's Saddle"
3,4342383,Western,double-standard,D1423,1937,"The Devil's Saddle Legion"
3,4342230,Western,double-standard,D1423,1916,"The Devil's Double"
3,4342427,Western,double-standard,D1423,1927,"The Devil's Twin"
3,4342228,Western,double-standard,D1423,1923,"The Devil's Dooryard"
3,4342410,Western,double-standard,D1423,1928,"The Devil's Tower"
3,4059138,Western,outlaw,O34,1976,Outlaw
3,4059142,Western,outlaw,O34,2008,Outlaw
3,4059147,Western,outlaw,O34,NULL,Outlaw
3,4401376,Western,outlaw,O34,1921,"The Outlaw"
3,4401373,Western,outlaw,O34,1912,"The Outlaw"
3,4401377,Western,outlaw,O34,1943,"The Outlaw"
3,4401372,Western,outlaw,O34,1908,"The Outlaw"
3,3675139,Western,handcuffs,H5321,1917,"Hands Up!"
3,3675112,Western,handcuffs,H5321,1921,"Hands Off!"
3,3675104,Western,handcuffs,H5321,1927,"Hands Off"
3,4432126,Western,tree,T6,1926,"The Terror"
3,4432125,Western,tree,T6,1920,"The Terror"
3,2209825,Western,shower,S6,1976,Sara
3,4222103,Western,shower,S6,1950,Sierra
3,4222105,Western,shower,S6,2013,Sierra
3,4425187,Western,shower,S6,2013,"The Sorrow"
3,4422548,Western,shower,S6,2010,"The Sierra"
3,3461343,Western,crush-on-teacher,C6253,2009,"Curses and Sermons"
3,3452900,Western,crush-on-teacher,C6253,1924,"Crashin' Through"
3,3455353,Western,crush-on-teacher,C6253,1968,"Crisantemi per un branco di carogne"
3,3456135,Western,crush-on-teacher,C6253,1927,"Cross Country Run"
3,3452901,Western,crush-on-teacher,C6253,1923,"Crashin' Thru"
3,4337351,Western,crush-on-teacher,C6253,1914,"The Cross in the Cacti"
3,4229865,Western,skeleton-costume,S2435,2011,"Skeleton Canyon"
3,4423620,Western,skeleton-costume,S2435,1913,"The Skeleton in the Closet"
3,4423616,Western,skeleton-costume,S2435,1917,"The Skeleton Canyon Raid"
3,4143003,Western,reference-to-dame-edna,R1652,1915,"Reforming the Outlaw"
3,4155995,Western,reference-to-dame-edna,R1652,1928,"Rip Roaring Logan"
3,4143003,Western,reference-to-marx,R1652,1915,"Reforming the Outlaw"
3,4155995,Western,reference-to-marx,R1652,1928,"Rip Roaring Logan"
3,2621395,Western,freezing-to-death,F6252,2017,"The Forsaken Westerns"
3,3618311,Western,freezing-to-death,F6252,1954,"Four Guns to the Border"
3,4355697,Western,freezing-to-death,F6252,1977,"The Frozen Star"
3,4350573,Western,freezing-to-death,F6252,1955,"The Far Horizons"
3,4071391,Western,parking-structure,P6252,1913,"Parson Jim's Baby"
3,4106817,Western,parking-structure,P6252,1942,"Prairie Gunsmoke"
3,4106802,Western,parking-structure,P6252,1943,"Prairie Chickens"
3,4407382,Western,parking-structure,P6252,1927,"The Prairie King"
3,3352073,Western,bleachers,B4262,1910,"Bill Sharkey's Last Game"
3,3358382,Western,bleachers,B4262,2006,"Black Rock Creek"
3,3359457,Western,bleachers,B4262,2007,Blackrock
3,3357693,Western,bleachers,B4262,2011,"Black Kerchief"
3,3357504,Western,bleachers,B4262,1954,"Black Horse Canyon"
3,4322892,Western,bleachers,B4262,1919,"The Black Horse Bandit"
3,3318821,Western,boy-scout,B23,2005,"Back East"
3,3349445,Western,boy-scout,B23,2007,"Big City"
3,3332036,Western,boy-scout,B23,2007,Baxt
3,3318820,Western,boy-scout,B23,2004,"Back East"
3,4321945,Western,boy-scout,B23,2012,"The Big West"
3,4319217,Western,boy-scout,B23,1916,"The Beast"
3,4321284,Western,boy-scout,B23,1949,"The Big Cat"
3,3359225,Western,balkan-war,B4256,2016,"Blackjack Murphy"
3,3357898,Western,balkan-war,B4256,1943,"Black Market Rustlers"
3,3359227,Western,balkan-war,B4256,2017,"Blackjack Murphy 3"
3,3359226,Western,balkan-war,B4256,2017,"Blackjack Murphy 2"
3,3357903,Western,balkan-war,B4256,2002,"Black Marshal: The Hunt for Dozier"
3,4574342,Western,weather-forecast,W3616,1994,"Wyatt Earp: Return to Tombstone"
3,4143003,Western,reference-to-nimrod-king-of-shinar,R1652,1915,"Reforming the Outlaw"
3,4155995,Western,reference-to-nimrod-king-of-shinar,R1652,1928,"Rip Roaring Logan"
3,3655536,Western,gun-tucked-in-pants,G5323,1974,"Gone with the West"
3,4379508,Western,live-aid,L13,2018,"The Left Eye 2"
3,4379507,Western,live-aid,L13,2018,"The Left Eye"
3,2572586,Western,choked-to-death,C23,1950,"The Cisco Kid"
3,3407555,Western,choked-to-death,C23,1931,Caught
3,4332566,Western,choked-to-death,C23,1931,"The Cisco Kid"
3,4332567,Western,choked-to-death,C23,1994,"The Cisco Kid"
3,4335949,Western,choked-to-death,C23,1915,"The Cost"
3,3445730,Western,contact-lens,C5323,2012,Contested
3,3439015,Western,contact-lens,C5323,1922,"Come and Get Me"
3,3685265,Western,herd-of-sheep,H6312,2013,"Heart of Gold"
3,3685281,Western,herd-of-sheep,H6312,1919,"Heart of Juanita"
3,3678159,Western,herd-of-sheep,H6312,1927,"Hard Fists"
3,4365042,Western,herd-of-sheep,H6312,1914,"The Heart of Carita"
3,4364974,Western,herd-of-sheep,H6312,1913,"The Heart of a Gambler"
3,4365005,Western,herd-of-sheep,H6312,1910,"The Heart of a Sioux"
3,4364963,Western,herd-of-sheep,H6312,1910,"The Heart of a Cowboy"
3,4364921,Western,herd-of-sheep,H6312,1924,"The Heart Buster"
3,4365036,Western,herd-of-sheep,H6312,1920,"The Heart of Big Dan"
3,4364962,Western,herd-of-sheep,H6312,1909,"The Heart of a Cowboy"
3,4365113,Western,herd-of-sheep,H6312,1914,"The Heart of Smiling Joe"
3,3314734,Western,addict,A323,1910,"Away Out West"
3,3465804,Western,drought,D623,1986,"Dai Ressya Goutou"
3,3472298,Western,drought,D623,2017,"Dark West"
3,3280701,Western,age-difference,A2316,1913,"An Assisted Proposal"
3,3898562,Western,age-difference,A2316,2013,"Los AÃ±os de Fierro"
3,3395077,Western,clint-eastwood-spoof,C4532,NULL,"Calamity Jane"
3,3395081,Western,clint-eastwood-spoof,C4532,2014,"Calamity Jane: LÃ©gende de l'Ouest"
3,3395072,Western,clint-eastwood-spoof,C4532,1953,"Calamity Jane"
3,3395078,Western,clint-eastwood-spoof,C4532,1998,"Calamity Jane 2"
3,3395079,Western,clint-eastwood-spoof,C4532,1949,"Calamity Jane and Sam Bass"
3,3395074,Western,clint-eastwood-spoof,C4532,1984,"Calamity Jane"
3,3395080,Western,clint-eastwood-spoof,C4532,2015,"Calamity Jane's Revenge"
3,3395076,Western,clint-eastwood-spoof,C4532,1998,"Calamity Jane"
3,3433493,Western,clint-eastwood-spoof,C4532,2002,"Clown und Cowboys"
3,3432221,Western,clint-eastwood-spoof,C4532,2016,"Clint Eastwood"
3,3833832,Western,clint-eastwood-spoof,C4532,1969,"La collina degli stivali"
3,4333025,Western,clint-eastwood-spoof,C4532,1918,"The Clients of Aaron Green"
3,4143003,Western,reference-to-the-washington-post-the-newspaper,R1652,1915,"Reforming the Outlaw"
3,4155995,Western,reference-to-the-washington-post-the-newspaper,R1652,1928,"Rip Roaring Logan"
3,3240712,Western,stand-up-comedy,S3531,2016,"A Sudden Departure"
3,4258962,Western,stand-up-comedy,S3531,1921,"Stand Up and Fight"
3,4258963,Western,stand-up-comedy,S3531,1939,"Stand Up and Fight"
3,4218947,Western,stand-up-comedy,S3531,1958,"Showdown at Boot Hill"
3,4217411,Western,stand-up-comedy,S3531,2010,"Shoot Out on the Farm"
3,4218945,Western,stand-up-comedy,S3531,1956,"Showdown at Abilene"
3,4207103,Western,stand-up-comedy,S3531,1968,"Seyyit Han: Topragin Gelini"
3,4218948,Western,stand-up-comedy,S3531,2005,"Showdown at Devil's Butte"
3,4218381,Western,stand-up-comedy,S3531,1954,"Shot in the Frontier"
3,4218955,Western,stand-up-comedy,S3531,2012,"Showdown at the Hipster Saloon"
3,4426835,Western,stand-up-comedy,S3531,1916,"The Stain in the Blood"
3,4426937,Western,stand-up-comedy,S3531,1953,"The Stand at Apache River"
3,3605088,Western,first-wife,F6231,2010,"First Bulgarian Western"
3,4350582,Western,first-wife,F6231,2006,"The Far Side of Jericho"
3,4352683,Western,first-wife,F6231,1955,"The First Bad Man"
3,4444542,Western,wealthy-parent,W4316,1947,"The Wild Frontier"
3,4447177,Western,wealthy-parent,W4316,1912,"The Would-Be Heir"
3,4572065,Western,wealthy-parent,W4316,1914,"Would Be Heroes"
3,4562052,Western,wealthy-parent,W4316,1927,"Wild Born"
3,4562063,Western,wealthy-parent,W4316,1936,"Wild Brian Kent"
3,4562865,Western,wealthy-parent,W4316,1945,Wildfire
3,2743772,Western,prime-minister,P6523,2010,"The Promised Land"
3,4116329,Western,prime-minister,P6523,1997,"Promise the Moon"
3,4409138,Western,prime-minister,P6523,2009,"The Promised Land"
3,4407383,Western,prime-minister,P6523,1922,"The Prairie Mystery"
3,2621314,Western,first-anniversary,F6235,2007,"The Forgotten Classics"
3,3591951,Western,first-anniversary,F6235,2016,"Far is the Mystery"
3,3598007,Western,first-anniversary,F6235,1959,"Ferias de MÃ©xico"
3,3592018,Western,first-anniversary,F6235,2012,"Far-West AmazÃ´nia"
3,3616428,Western,first-anniversary,F6235,1923,"Forgettin' the Law"
3,3616837,Western,first-anniversary,F6235,2016,"Forgotten TV Westerns"
3,3616455,Western,first-anniversary,F6235,2009,"Forgetting the Unseen"
3,4352894,Western,first-anniversary,F6235,1914,"The First Nugget"
3,3933322,Western,murder-or-suicide,M6362,1915,"Martyrs of the Alamo"
3,3970563,Western,murder-or-suicide,M6362,2018,"Morada, the Dark Dream of Tobin and the Bloody Espinosas"
3,4389245,Western,murder-or-suicide,M6362,1912,"The Marauders"
3,4389247,Western,murder-or-suicide,M6362,1955,"The Marauders"
3,4389246,Western,murder-or-suicide,M6362,1947,"The Marauders"
3,4187933,Western,scream,S265,1925,"Scar Hanan"
3,3744295,Western,impersonating-someone,I5162,1972,"In Pursuit of Treasure"
3,3744286,Western,impersonating-someone,I5162,1995,"In Pursuit of Honor"
3,4369676,Western,impersonating-someone,I5162,1915,"The Impersonation of Tom"
3,3219523,Western,bitten-on-the-arm,B3536,1915,"A Bad Man and Others"
3,3320953,Western,bitten-on-the-arm,B3536,2012,"Bad Mother Trucker"
3,4317453,Western,bitten-on-the-arm,B3536,1912,"The Bad Man and the Ranger"
3,73174,Western,accidental-shooting,A2353,1953,"Action in the Afternoon"
3,3280042,Western,accidental-shooting,A2353,1911,"An Accidental Outlaw"
3,4311314,Western,accidental-shooting,A2353,1913,"The Accidental Bandit"
3,4452443,Western,tequila,T24,NULL,"This Is All"
3,3559157,Western,tarot-cards,T6326,1961,"El tiro de gracia"
3,3496336,Western,sexist,S23,1983,"Der Scout"
3,4229022,Western,sexist,S23,2014,"Six Shot"
3,4296493,Western,travois,T612,1971,"Tara PokÃ¬"
3,4433344,Western,travois,T612,1935,"The Throwback"
3,3240120,Western,sexism,S25,1912,"A Squaw Man"
3,4187113,Western,sexism,S25,2007,Saxon
3,4229061,Western,sexism,S25,1971,"Six Women"
3,4228882,Western,sexism,S25,2008,"Six Gun"
3,4217101,Western,sexism,S25,2013,Shoeshine
3,4228886,Western,sexism,S25,1946,"Six Gun Man"
3,4426686,Western,sexism,S25,1931,"The Squaw Man"
3,4417651,Western,sexism,S25,1921,"The Sage Hen"
3,4426684,Western,sexism,S25,1914,"The Squaw Man"
3,4430210,Western,sexism,S25,2013,"The Swagman"
3,4426685,Western,sexism,S25,1918,"The Squaw Man"
3,678366,Western,leather-jacket,L3623,1969,"Die LederstrumpferzÃ¤hlungen"
3,3869412,Western,leather-jacket,L3623,1920,"Lederstrumpf, 1. Teil: Der WildtÃ¶ter und Chingachgook"
3,4143003,Western,reference-to-richard-krajco,R1652,1915,"Reforming the Outlaw"
3,4155995,Western,reference-to-richard-krajco,R1652,1928,"Rip Roaring Logan"
3,4565019,Western,wanted-poster,W5312,NULL,"Winnetou: The Beginning"
3,299796,Western,busy,B2,2017,"Big Sky"
3,3349888,Western,busy,B2,1949,"Big Jack"
3,3348637,Western,busy,B2,2009,Big
3,3372799,Western,busy,B2,2017,Bosco
3,3349891,Western,busy,B2,1971,"Big Jake"
3,3372906,Western,busy,B2,2011,Bosquejos
3,4321802,Western,busy,B2,1952,"The Big Sky"
3,4321783,Western,busy,B2,1936,"The Big Show"
3,4187933,Western,sex-crime,S265,1925,"Scar Hanan"
3,3281808,Western,interrogation-room,I5362,1915,"An Intercepted Vengeance"
3,3749417,Western,interrogation-room,I5362,2008,"Indoor Western"
3,3755625,Western,interrogation-room,I5362,2016,Interstates
3,4371364,Western,interrogation-room,I5362,1912,"The Intrusion at Lompoc"
3,18439,Western,menu,M5,1957,"26 Men"
3,3967664,Western,menu,M5,1928,"Money! Money! Money!"
3,3951185,Western,menu,M5,2014,"Miami, NM"
3,3966967,Western,menu,M5,1913,Mona
3,4388761,Western,menu,M5,1923,"The Man Who Won"
3,362591,Western,buxom,B25,1958,Buckskin
3,3385199,Western,buxom,B25,1968,Buckskin
3,4321465,Western,buxom,B25,1926,"The Big Game"
3,4143003,Western,reference-to-they-might-be-giants,R1652,1915,"Reforming the Outlaw"
3,4155995,Western,reference-to-they-might-be-giants,R1652,1928,"Rip Roaring Logan"
3,4143003,Western,reference-to-ipad,R1652,1915,"Reforming the Outlaw"
3,4155995,Western,reference-to-ipad,R1652,1928,"Rip Roaring Logan"
3,2635579,Western,rich,R2,2014,Rose
3,3558191,Western,rich,R2,1966,"El rojo"
3,3558136,Western,rich,R2,2009,"El Rezo"
3,4171238,Western,rich,R2,2015,"Rush 91"
3,4156319,Western,rich,R2,2017,Rise
3,4166040,Western,rich,R2,2007,Rosie
3,4167998,Western,rich,R2,1976,Royce
3,4139426,Western,rich,R2,2010,Reco
3,4413426,Western,rich,R2,1926,"The Rescue"
3,4417287,Western,rich,R2,1928,"The Ruse"
3,4417285,Western,rich,R2,1915,"The Ruse"
3,4416081,Western,rich,R2,2011,"The Rogue"
3,3971455,Western,marriage-counseling,M6252,1929,"Morgan's Last Raid"
3,3971432,Western,marriage-counseling,M6252,NULL,"Morgan Kane"
3,3971434,Western,marriage-counseling,M6252,2001,"Morgan Kane: DÃ¸den er en ensom jeger"
3,4143003,Western,reference-to-danny-jones,R1652,1915,"Reforming the Outlaw"
3,4155995,Western,reference-to-danny-jones,R1652,1928,"Rip Roaring Logan"
3,3502859,Western,doublecross,D1426,2012,"Devil's Rails"
3,3528654,Western,doublecross,D1426,2014,"Double Cross"
3,3528664,Western,doublecross,D1426,1916,"Double Crossed"
3,3529501,Western,doublecross,D1426,1921,Double-Crossed
